Subject,Start Date,Start Time,End Time
Period 1,8/31/2022,7:45 AM,8:30 AM
Period 2,8/31/2022,8:35 AM,9:17 AM
Period 3,8/31/2022,9:52 AM,10:34 AM
Period 4,8/31/2022,10:39 AM,11:21 AM
Lunch,8/31/2022,11:21 AM,12:09 PM
Period 5,8/31/2022,12:14 PM,12:56 PM
Period 6,8/31/2022,1:01 PM,1:43 PM
Period 7,8/31/2022,1:48 PM,2:30 PM
Advisory,8/31/2022,9:22 AM,9:47 AM
Period 1,9/1/2022,7:45 AM,8:52 AM
Period 2,9/1/2022,8:57 AM,9:40 AM
Period 3,9/1/2022,9:45 AM,10:28 AM
Period 4,9/1/2022,10:33 AM,11:16 AM
Lunch,9/1/2022,11:16 AM,12:06 PM
Period 5,9/1/2022,12:11 PM,12:54 PM
Period 6,9/1/2022,12:59 PM,1:42 PM
Period 7,9/1/2022,1:47 PM,2:30 PM
Period 1,9/6/2022,7:45 AM,8:33 AM
Period 2,9/6/2022,8:38 AM,9:40 AM
Period 3,9/6/2022,9:45 AM,10:28 AM
Period 4,9/6/2022,10:33 AM,11:16 AM
Lunch,9/6/2022,11:16 AM,12:06 PM
Period 5,9/6/2022,12:11 PM,12:54 PM
Period 6,9/6/2022,12:59 PM,1:42 PM
Period 7,9/6/2022,1:47 PM,2:30 PM
Period 1,9/7/2022,7:45 AM,8:30 AM
Period 2,9/7/2022,8:35 AM,9:17 AM
Period 3,9/7/2022,9:52 AM,10:34 AM
Period 4,9/7/2022,10:39 AM,11:21 AM
Lunch,9/7/2022,11:21 AM,12:09 PM
Period 5,9/7/2022,12:14 PM,12:56 PM
Period 6,9/7/2022,1:01 PM,1:43 PM
Period 7,9/7/2022,1:48 PM,2:30 PM
Advisory,9/7/2022,9:22 AM,9:47 AM
Period 1,9/8/2022,7:45 AM,8:33 AM
Period 2,9/8/2022,8:38 AM,9:21 AM
Period 3,9/8/2022,9:26 AM,10:28 AM
Period 4,9/8/2022,10:33 AM,11:16 AM
Lunch,9/8/2022,11:16 AM,12:06 PM
Period 5,9/8/2022,12:11 PM,12:54 PM
Period 6,9/8/2022,12:59 PM,1:42 PM
Period 7,9/8/2022,1:47 PM,2:30 PM
Period 1,9/9/2022,7:45 AM,8:33 AM
Period 2,9/9/2022,8:38 AM,9:21 AM
Period 3,9/9/2022,9:26 AM,10:09 AM
Period 4,9/9/2022,10:14 AM,11:16 AM
Lunch,9/9/2022,11:16 AM,12:06 PM
Period 5,9/9/2022,12:11 PM,12:54 PM
Period 6,9/9/2022,12:59 PM,1:42 PM
Period 7,9/9/2022,1:47 PM,2:30 PM
Period 1,9/12/2022,7:45 AM,8:33 AM
Period 2,9/12/2022,8:38 AM,9:21 AM
Period 3,9/12/2022,9:26 AM,10:09 AM
Period 4,9/12/2022,10:14 AM,10:57 AM
Lunch,9/12/2022,10:57 AM,11:47 AM
Period 5,9/12/2022,11:52 AM,12:54 PM
Period 6,9/12/2022,12:59 PM,1:42 PM
Period 7,9/12/2022,1:47 PM,2:30 PM
Period 1,9/13/2022,7:45 AM,8:33 AM
Period 2,9/13/2022,8:38 AM,9:21 AM
Period 3,9/13/2022,9:26 AM,10:09 AM
Period 4,9/13/2022,10:14 AM,10:57 AM
Lunch,9/13/2022,10:57 AM,11:47 AM
Period 5,9/13/2022,11:52 AM,12:35 PM
Period 6,9/13/2022,12:40 PM,1:42 PM
Period 7,9/13/2022,1:47 PM,2:30 PM
Period 1,9/15/2022,7:45 AM,8:33 AM
Period 2,9/15/2022,8:38 AM,9:21 AM
Period 3,9/15/2022,9:26 AM,10:09 AM
Period 4,9/15/2022,10:14 AM,10:57 AM
Lunch,9/15/2022,10:57 AM,11:47 AM
Period 5,9/15/2022,11:52 AM,12:35 PM
Period 6,9/15/2022,12:40 PM,1:23 PM
Period 7,9/15/2022,1:28 PM,2:30 PM
Period 1,9/16/2022,7:45 AM,8:52 AM
Period 2,9/16/2022,8:57 AM,9:40 AM
Period 3,9/16/2022,9:45 AM,10:28 AM
Period 4,9/16/2022,10:33 AM,11:16 AM
Lunch,9/16/2022,11:16 AM,12:06 PM
Period 5,9/16/2022,12:11 PM,12:54 PM
Period 6,9/16/2022,12:59 PM,1:42 PM
Period 7,9/16/2022,1:47 PM,2:30 PM
Period 1,9/19/2022,7:45 AM,8:33 AM
Period 2,9/19/2022,8:38 AM,9:40 AM
Period 3,9/19/2022,9:45 AM,10:28 AM
Period 4,9/19/2022,10:33 AM,11:16 AM
Lunch,9/19/2022,11:16 AM,12:06 PM
Period 5,9/19/2022,12:11 PM,12:54 PM
Period 6,9/19/2022,12:59 PM,1:42 PM
Period 7,9/19/2022,1:47 PM,2:30 PM
Period 1,9/20/2022,7:45 AM,8:33 AM
Period 2,9/20/2022,8:38 AM,9:21 AM
Period 3,9/20/2022,9:26 AM,10:28 AM
Period 4,9/20/2022,10:33 AM,11:16 AM
Lunch,9/20/2022,11:16 AM,12:06 PM
Period 5,9/20/2022,12:11 PM,12:54 PM
Period 6,9/20/2022,12:59 PM,1:42 PM
Period 7,9/20/2022,1:47 PM,2:30 PM
Period 1,9/21/2022,7:45 AM,8:30 AM
Period 2,9/21/2022,8:35 AM,9:17 AM
Period 3,9/21/2022,9:52 AM,10:34 AM
Period 4,9/21/2022,10:39 AM,11:21 AM
Lunch,9/21/2022,11:21 AM,12:09 PM
Period 5,9/21/2022,12:14 PM,12:56 PM
Period 6,9/21/2022,1:01 PM,1:43 PM
Period 7,9/21/2022,1:48 PM,2:30 PM
Advisory,9/21/2022,9:22 AM,9:47 AM
Period 1,9/22/2022,7:45 AM,8:33 AM
Period 2,9/22/2022,8:38 AM,9:21 AM
Period 3,9/22/2022,9:26 AM,10:09 AM
Period 4,9/22/2022,10:14 AM,11:16 AM
Lunch,9/22/2022,11:16 AM,12:06 PM
Period 5,9/22/2022,12:11 PM,12:54 PM
Period 6,9/22/2022,12:59 PM,1:42 PM
Period 7,9/22/2022,1:47 PM,2:30 PM
Period 1,9/23/2022,7:45 AM,8:33 AM
Period 2,9/23/2022,8:38 AM,9:21 AM
Period 3,9/23/2022,9:26 AM,10:09 AM
Period 4,9/23/2022,10:14 AM,10:57 AM
Lunch,9/23/2022,10:57 AM,11:47 AM
Period 5,9/23/2022,11:52 AM,12:54 PM
Period 6,9/23/2022,12:59 PM,1:42 PM
Period 7,9/23/2022,1:47 PM,2:30 PM
Period 1,9/27/2022,7:45 AM,8:33 AM
Period 2,9/27/2022,8:38 AM,9:21 AM
Period 3,9/27/2022,9:26 AM,10:09 AM
Period 4,9/27/2022,10:14 AM,10:57 AM
Lunch,9/27/2022,10:57 AM,11:47 AM
Period 5,9/27/2022,11:52 AM,12:35 PM
Period 6,9/27/2022,12:40 PM,1:42 PM
Period 7,9/27/2022,1:47 PM,2:30 PM
Period 1,9/28/2022,7:45 AM,8:30 AM
Period 2,9/28/2022,8:35 AM,9:17 AM
Period 3,9/28/2022,9:52 AM,10:34 AM
Period 4,9/28/2022,10:39 AM,11:21 AM
Lunch,9/28/2022,11:21 AM,12:09 PM
Period 5,9/28/2022,12:14 PM,12:56 PM
Period 6,9/28/2022,1:01 PM,1:43 PM
Period 7,9/28/2022,1:48 PM,2:30 PM
Advisory,9/28/2022,9:22 AM,9:47 AM
Period 1,9/29/2022,7:45 AM,8:33 AM
Period 2,9/29/2022,8:38 AM,9:21 AM
Period 3,9/29/2022,9:26 AM,10:09 AM
Period 4,9/29/2022,10:14 AM,10:57 AM
Lunch,9/29/2022,10:57 AM,11:47 AM
Period 5,9/29/2022,11:52 AM,12:35 PM
Period 6,9/29/2022,12:40 PM,1:23 PM
Period 7,9/29/2022,1:28 PM,2:30 PM
Period 1,10/4/2022,7:45 AM,8:52 AM
Period 2,10/4/2022,8:57 AM,9:40 AM
Period 3,10/4/2022,9:45 AM,10:28 AM
Period 4,10/4/2022,10:33 AM,11:16 AM
Lunch,10/4/2022,11:16 AM,12:06 PM
Period 5,10/4/2022,12:11 PM,12:54 PM
Period 6,10/4/2022,12:59 PM,1:42 PM
Period 7,10/4/2022,1:47 PM,2:30 PM
Period 1,10/6/2022,7:45 AM,8:33 AM
Period 2,10/6/2022,8:38 AM,9:21 AM
Period 3,10/6/2022,9:26 AM,10:28 AM
Period 4,10/6/2022,10:33 AM,11:16 AM
Lunch,10/6/2022,11:16 AM,12:06 PM
Period 5,10/6/2022,12:11 PM,12:54 PM
Period 6,10/6/2022,12:59 PM,1:42 PM
Period 7,10/6/2022,1:47 PM,2:30 PM
Period 1,10/7/2022,7:45 AM,8:33 AM
Period 2,10/7/2022,8:38 AM,9:21 AM
Period 3,10/7/2022,9:26 AM,10:09 AM
Period 4,10/7/2022,10:14 AM,11:16 AM
Lunch,10/7/2022,11:16 AM,12:06 PM
Period 5,10/7/2022,12:11 PM,12:54 PM
Period 6,10/7/2022,12:59 PM,1:42 PM
Period 7,10/7/2022,1:47 PM,2:30 PM
Period 1,10/10/2022,7:45 AM,8:33 AM
Period 2,10/10/2022,8:38 AM,9:21 AM
Period 3,10/10/2022,9:26 AM,10:09 AM
Period 4,10/10/2022,10:14 AM,10:57 AM
Lunch,10/10/2022,10:57 AM,11:47 AM
Period 5,10/10/2022,11:52 AM,12:54 PM
Period 6,10/10/2022,12:59 PM,1:42 PM
Period 7,10/10/2022,1:47 PM,2:30 PM
Period 1,10/11/2022,7:45 AM,8:33 AM
Period 2,10/11/2022,8:38 AM,9:21 AM
Period 3,10/11/2022,9:26 AM,10:09 AM
Period 4,10/11/2022,10:14 AM,10:57 AM
Lunch,10/11/2022,10:57 AM,11:47 AM
Period 5,10/11/2022,11:52 AM,12:35 PM
Period 6,10/11/2022,12:40 PM,1:42 PM
Period 7,10/11/2022,1:47 PM,2:30 PM
Period 1,10/13/2022,7:45 AM,8:33 AM
Period 2,10/13/2022,8:38 AM,9:21 AM
Period 3,10/13/2022,9:26 AM,10:09 AM
Period 4,10/13/2022,10:14 AM,10:57 AM
Lunch,10/13/2022,10:57 AM,11:47 AM
Period 5,10/13/2022,11:52 AM,12:35 PM
Period 6,10/13/2022,12:40 PM,1:23 PM
Period 7,10/13/2022,1:28 PM,2:30 PM
Period 1,10/17/2022,7:45 AM,8:52 AM
Period 2,10/17/2022,8:57 AM,9:40 AM
Period 3,10/17/2022,9:45 AM,10:28 AM
Period 4,10/17/2022,10:33 AM,11:16 AM
Lunch,10/17/2022,11:16 AM,12:06 PM
Period 5,10/17/2022,12:11 PM,12:54 PM
Period 6,10/17/2022,12:59 PM,1:42 PM
Period 7,10/17/2022,1:47 PM,2:30 PM
Period 1,10/18/2022,7:45 AM,8:33 AM
Period 2,10/18/2022,8:38 AM,9:40 AM
Period 3,10/18/2022,9:45 AM,10:28 AM
Period 4,10/18/2022,10:33 AM,11:16 AM
Lunch,10/18/2022,11:16 AM,12:06 PM
Period 5,10/18/2022,12:11 PM,12:54 PM
Period 6,10/18/2022,12:59 PM,1:42 PM
Period 7,10/18/2022,1:47 PM,2:30 PM
Period 1,10/19/2022,7:45 AM,8:30 AM
Period 2,10/19/2022,8:35 AM,9:17 AM
Period 3,10/19/2022,9:52 AM,10:34 AM
Period 4,10/19/2022,10:39 AM,11:21 AM
Lunch,10/19/2022,11:21 AM,12:09 PM
Period 5,10/19/2022,12:14 PM,12:56 PM
Period 6,10/19/2022,1:01 PM,1:43 PM
Period 7,10/19/2022,1:48 PM,2:30 PM
Advisory,10/19/2022,9:22 AM,9:47 AM
Period 1,10/20/2022,7:45 AM,8:33 AM
Period 2,10/20/2022,8:38 AM,9:21 AM
Period 3,10/20/2022,9:26 AM,10:28 AM
Period 4,10/20/2022,10:33 AM,11:16 AM
Lunch,10/20/2022,11:16 AM,12:06 PM
Period 5,10/20/2022,12:11 PM,12:54 PM
Period 6,10/20/2022,12:59 PM,1:42 PM
Period 7,10/20/2022,1:47 PM,2:30 PM
Period 1,10/21/2022,7:45 AM,8:33 AM
Period 2,10/21/2022,8:38 AM,9:21 AM
Period 3,10/21/2022,9:26 AM,10:09 AM
Period 4,10/21/2022,10:14 AM,11:16 AM
Lunch,10/21/2022,11:16 AM,12:06 PM
Period 5,10/21/2022,12:11 PM,12:54 PM
Period 6,10/21/2022,12:59 PM,1:42 PM
Period 7,10/21/2022,1:47 PM,2:30 PM
Period 1,10/25/2022,7:45 AM,8:33 AM
Period 2,10/25/2022,8:38 AM,9:21 AM
Period 3,10/25/2022,9:26 AM,10:09 AM
Period 4,10/25/2022,10:14 AM,10:57 AM
Lunch,10/25/2022,10:57 AM,11:47 AM
Period 5,10/25/2022,11:52 AM,12:54 PM
Period 6,10/25/2022,12:59 PM,1:42 PM
Period 7,10/25/2022,1:47 PM,2:30 PM
Period 1,10/26/2022,7:45 AM,8:30 AM
Period 2,10/26/2022,8:35 AM,9:17 AM
Period 3,10/26/2022,9:52 AM,10:34 AM
Period 4,10/26/2022,10:39 AM,11:21 AM
Lunch,10/26/2022,11:21 AM,12:09 PM
Period 5,10/26/2022,12:14 PM,12:56 PM
Period 6,10/26/2022,1:01 PM,1:43 PM
Period 7,10/26/2022,1:48 PM,2:30 PM
Advisory,10/26/2022,9:22 AM,9:47 AM
Period 1,10/27/2022,7:45 AM,8:33 AM
Period 2,10/27/2022,8:38 AM,9:21 AM
Period 3,10/27/2022,9:26 AM,10:09 AM
Period 4,10/27/2022,10:14 AM,10:57 AM
Lunch,10/27/2022,10:57 AM,11:47 AM
Period 5,10/27/2022,11:52 AM,12:35 PM
Period 6,10/27/2022,12:40 PM,1:42 PM
Period 7,10/27/2022,1:47 PM,2:30 PM
Period 1,10/28/2022,7:45 AM,8:33 AM
Period 2,10/28/2022,8:38 AM,9:21 AM
Period 3,10/28/2022,9:26 AM,10:09 AM
Period 4,10/28/2022,10:14 AM,10:57 AM
Lunch,10/28/2022,10:57 AM,11:47 AM
Period 5,10/28/2022,11:52 AM,12:35 PM
Period 6,10/28/2022,12:40 PM,1:23 PM
Period 7,10/28/2022,1:28 PM,2:30 PM
Period 1,10/31/2022,7:45 AM,8:52 AM
Period 2,10/31/2022,8:57 AM,9:40 AM
Period 3,10/31/2022,9:45 AM,10:28 AM
Period 4,10/31/2022,10:33 AM,11:16 AM
Lunch,10/31/2022,11:16 AM,12:06 PM
Period 5,10/31/2022,12:11 PM,12:54 PM
Period 6,10/31/2022,12:59 PM,1:42 PM
Period 7,10/31/2022,1:47 PM,2:30 PM
Period 1,11/1/2022,7:45 AM,8:33 AM
Period 2,11/1/2022,8:38 AM,9:40 AM
Period 3,11/1/2022,9:45 AM,10:28 AM
Period 4,11/1/2022,10:33 AM,11:16 AM
Lunch,11/1/2022,11:16 AM,12:06 PM
Period 5,11/1/2022,12:11 PM,12:54 PM
Period 6,11/1/2022,12:59 PM,1:42 PM
Period 7,11/1/2022,1:47 PM,2:30 PM
Period 1,11/2/2022,7:45 AM,8:30 AM
Period 2,11/2/2022,8:35 AM,9:17 AM
Period 3,11/2/2022,9:52 AM,10:34 AM
Period 4,11/2/2022,10:39 AM,11:21 AM
Lunch,11/2/2022,11:21 AM,12:09 PM
Period 5,11/2/2022,12:14 PM,12:56 PM
Period 6,11/2/2022,1:01 PM,1:43 PM
Period 7,11/2/2022,1:48 PM,2:30 PM
Advisory,11/2/2022,9:22 AM,9:47 AM
Period 1,11/3/2022,7:45 AM,8:33 AM
Period 2,11/3/2022,8:38 AM,9:21 AM
Period 3,11/3/2022,9:26 AM,10:28 AM
Period 4,11/3/2022,10:33 AM,11:16 AM
Lunch,11/3/2022,11:16 AM,12:06 PM
Period 5,11/3/2022,12:11 PM,12:54 PM
Period 6,11/3/2022,12:59 PM,1:42 PM
Period 7,11/3/2022,1:47 PM,2:30 PM
Period 1,11/4/2022,7:45 AM,8:33 AM
Period 2,11/4/2022,8:38 AM,9:21 AM
Period 3,11/4/2022,9:26 AM,10:09 AM
Period 4,11/4/2022,10:14 AM,11:16 AM
Lunch,11/4/2022,11:16 AM,12:06 PM
Period 5,11/4/2022,12:11 PM,12:54 PM
Period 6,11/4/2022,12:59 PM,1:42 PM
Period 7,11/4/2022,1:47 PM,2:30 PM
Period 1,11/9/2022,7:45 AM,8:30 AM
Period 2,11/9/2022,8:35 AM,9:17 AM
Period 3,11/9/2022,9:52 AM,10:34 AM
Period 4,11/9/2022,10:39 AM,11:21 AM
Lunch,11/9/2022,11:21 AM,12:09 PM
Period 5,11/9/2022,12:14 PM,12:56 PM
Period 6,11/9/2022,1:01 PM,1:43 PM
Period 7,11/9/2022,1:48 PM,2:30 PM
Advisory,11/9/2022,9:22 AM,9:47 AM
Period 1,11/10/2022,7:45 AM,8:33 AM
Period 2,11/10/2022,8:38 AM,9:21 AM
Period 3,11/10/2022,9:26 AM,10:09 AM
Period 4,11/10/2022,10:14 AM,10:57 AM
Lunch,11/10/2022,10:57 AM,11:47 AM
Period 5,11/10/2022,11:52 AM,12:54 PM
Period 6,11/10/2022,12:59 PM,1:42 PM
Period 7,11/10/2022,1:47 PM,2:30 PM
Period 1,11/11/2022,7:45 AM,8:33 AM
Period 2,11/11/2022,8:38 AM,9:21 AM
Period 3,11/11/2022,9:26 AM,10:09 AM
Period 4,11/11/2022,10:14 AM,10:57 AM
Lunch,11/11/2022,10:57 AM,11:47 AM
Period 5,11/11/2022,11:52 AM,12:35 PM
Period 6,11/11/2022,12:40 PM,1:42 PM
Period 7,11/11/2022,1:47 PM,2:30 PM
Period 1,11/14/2022,7:45 AM,8:33 AM
Period 2,11/14/2022,8:38 AM,9:21 AM
Period 3,11/14/2022,9:26 AM,10:09 AM
Period 4,11/14/2022,10:14 AM,10:57 AM
Lunch,11/14/2022,10:57 AM,11:47 AM
Period 5,11/14/2022,11:52 AM,12:35 PM
Period 6,11/14/2022,12:40 PM,1:23 PM
Period 7,11/14/2022,1:28 PM,2:30 PM
Period 1,11/15/2022,7:45 AM,8:52 AM
Period 2,11/15/2022,8:57 AM,9:40 AM
Period 3,11/15/2022,9:45 AM,10:28 AM
Period 4,11/15/2022,10:33 AM,11:16 AM
Lunch,11/15/2022,11:16 AM,12:06 PM
Period 5,11/15/2022,12:11 PM,12:54 PM
Period 6,11/15/2022,12:59 PM,1:42 PM
Period 7,11/15/2022,1:47 PM,2:30 PM
Period 1,11/16/2022,7:45 AM,8:30 AM
Period 2,11/16/2022,8:35 AM,9:17 AM
Period 3,11/16/2022,9:52 AM,10:34 AM
Period 4,11/16/2022,10:39 AM,11:21 AM
Lunch,11/16/2022,11:21 AM,12:09 PM
Period 5,11/16/2022,12:14 PM,12:56 PM
Period 6,11/16/2022,1:01 PM,1:43 PM
Period 7,11/16/2022,1:48 PM,2:30 PM
Advisory,11/16/2022,9:22 AM,9:47 AM
Period 1,11/17/2022,7:45 AM,8:33 AM
Period 2,11/17/2022,8:38 AM,9:40 AM
Period 3,11/17/2022,9:45 AM,10:28 AM
Period 4,11/17/2022,10:33 AM,11:16 AM
Lunch,11/17/2022,11:16 AM,12:06 PM
Period 5,11/17/2022,12:11 PM,12:54 PM
Period 6,11/17/2022,12:59 PM,1:42 PM
Period 7,11/17/2022,1:47 PM,2:30 PM
Period 1,11/18/2022,7:45 AM,8:33 AM
Period 2,11/18/2022,8:38 AM,9:21 AM
Period 3,11/18/2022,9:26 AM,10:28 AM
Period 4,11/18/2022,10:33 AM,11:16 AM
Lunch,11/18/2022,11:16 AM,12:06 PM
Period 5,11/18/2022,12:11 PM,12:54 PM
Period 6,11/18/2022,12:59 PM,1:42 PM
Period 7,11/18/2022,1:47 PM,2:30 PM
Period 1,11/28/2022,7:45 AM,8:33 AM
Period 2,11/28/2022,8:38 AM,9:21 AM
Period 3,11/28/2022,9:26 AM,10:09 AM
Period 4,11/28/2022,10:14 AM,11:16 AM
Lunch,11/28/2022,11:16 AM,12:06 PM
Period 5,11/28/2022,12:11 PM,12:54 PM
Period 6,11/28/2022,12:59 PM,1:42 PM
Period 7,11/28/2022,1:47 PM,2:30 PM
Period 1,11/29/2022,7:45 AM,8:33 AM
Period 2,11/29/2022,8:38 AM,9:21 AM
Period 3,11/29/2022,9:26 AM,10:09 AM
Period 4,11/29/2022,10:14 AM,10:57 AM
Lunch,11/29/2022,10:57 AM,11:47 AM
Period 5,11/29/2022,11:52 AM,12:54 PM
Period 6,11/29/2022,12:59 PM,1:42 PM
Period 7,11/29/2022,1:47 PM,2:30 PM
Period 1,11/30/2022,7:45 AM,8:30 AM
Period 2,11/30/2022,8:35 AM,9:17 AM
Period 3,11/30/2022,9:52 AM,10:34 AM
Period 4,11/30/2022,10:39 AM,11:21 AM
Lunch,11/30/2022,11:21 AM,12:09 PM
Period 5,11/30/2022,12:14 PM,12:56 PM
Period 6,11/30/2022,1:01 PM,1:43 PM
Period 7,11/30/2022,1:48 PM,2:30 PM
Advisory,11/30/2022,9:22 AM,9:47 AM
Period 1,12/1/2022,7:45 AM,8:33 AM
Period 2,12/1/2022,8:38 AM,9:21 AM
Period 3,12/1/2022,9:26 AM,10:09 AM
Period 4,12/1/2022,10:14 AM,10:57 AM
Lunch,12/1/2022,10:57 AM,11:47 AM
Period 5,12/1/2022,11:52 AM,12:35 PM
Period 6,12/1/2022,12:40 PM,1:42 PM
Period 7,12/1/2022,1:47 PM,2:30 PM
Period 1,12/2/2022,7:45 AM,8:33 AM
Period 2,12/2/2022,8:38 AM,9:21 AM
Period 3,12/2/2022,9:26 AM,10:09 AM
Period 4,12/2/2022,10:14 AM,10:57 AM
Lunch,12/2/2022,10:57 AM,11:47 AM
Period 5,12/2/2022,11:52 AM,12:35 PM
Period 6,12/2/2022,12:40 PM,1:23 PM
Period 7,12/2/2022,1:28 PM,2:30 PM
Period 1,12/5/2022,7:45 AM,8:52 AM
Period 2,12/5/2022,8:57 AM,9:40 AM
Period 3,12/5/2022,9:45 AM,10:28 AM
Period 4,12/5/2022,10:33 AM,11:16 AM
Lunch,12/5/2022,11:16 AM,12:06 PM
Period 5,12/5/2022,12:11 PM,12:54 PM
Period 6,12/5/2022,12:59 PM,1:42 PM
Period 7,12/5/2022,1:47 PM,2:30 PM
Period 1,12/6/2022,7:45 AM,8:33 AM
Period 2,12/6/2022,8:38 AM,9:40 AM
Period 3,12/6/2022,9:45 AM,10:28 AM
Period 4,12/6/2022,10:33 AM,11:16 AM
Lunch,12/6/2022,11:16 AM,12:06 PM
Period 5,12/6/2022,12:11 PM,12:54 PM
Period 6,12/6/2022,12:59 PM,1:42 PM
Period 7,12/6/2022,1:47 PM,2:30 PM
Period 1,12/8/2022,7:45 AM,8:33 AM
Period 2,12/8/2022,8:38 AM,9:21 AM
Period 3,12/8/2022,9:26 AM,10:28 AM
Period 4,12/8/2022,10:33 AM,11:16 AM
Lunch,12/8/2022,11:16 AM,12:06 PM
Period 5,12/8/2022,12:11 PM,12:54 PM
Period 6,12/8/2022,12:59 PM,1:42 PM
Period 7,12/8/2022,1:47 PM,2:30 PM
Period 1,12/9/2022,7:45 AM,8:33 AM
Period 2,12/9/2022,8:38 AM,9:21 AM
Period 3,12/9/2022,9:26 AM,10:09 AM
Period 4,12/9/2022,10:14 AM,11:16 AM
Lunch,12/9/2022,11:16 AM,12:06 PM
Period 5,12/9/2022,12:11 PM,12:54 PM
Period 6,12/9/2022,12:59 PM,1:42 PM
Period 7,12/9/2022,1:47 PM,2:30 PM
Period 1,12/12/2022,7:45 AM,8:33 AM
Period 2,12/12/2022,8:38 AM,9:21 AM
Period 3,12/12/2022,9:26 AM,10:09 AM
Period 4,12/12/2022,10:14 AM,10:57 AM
Lunch,12/12/2022,10:57 AM,11:47 AM
Period 5,12/12/2022,11:52 AM,12:54 PM
Period 6,12/12/2022,12:59 PM,1:42 PM
Period 7,12/12/2022,1:47 PM,2:30 PM
Period 1,12/13/2022,7:45 AM,8:33 AM
Period 2,12/13/2022,8:38 AM,9:21 AM
Period 3,12/13/2022,9:26 AM,10:09 AM
Period 4,12/13/2022,10:14 AM,10:57 AM
Lunch,12/13/2022,10:57 AM,11:47 AM
Period 5,12/13/2022,11:52 AM,12:35 PM
Period 6,12/13/2022,12:40 PM,1:42 PM
Period 7,12/13/2022,1:47 PM,2:30 PM
Period 1,12/14/2022,7:45 AM,8:30 AM
Period 2,12/14/2022,8:35 AM,9:17 AM
Period 3,12/14/2022,9:52 AM,10:34 AM
Period 4,12/14/2022,10:39 AM,11:21 AM
Lunch,12/14/2022,11:21 AM,12:09 PM
Period 5,12/14/2022,12:14 PM,12:56 PM
Period 6,12/14/2022,1:01 PM,1:43 PM
Period 7,12/14/2022,1:48 PM,2:30 PM
Advisory,12/14/2022,9:22 AM,9:47 AM
Period 1,12/15/2022,7:45 AM,8:33 AM
Period 2,12/15/2022,8:38 AM,9:21 AM
Period 3,12/15/2022,9:26 AM,10:09 AM
Period 4,12/15/2022,10:14 AM,10:57 AM
Lunch,12/15/2022,10:57 AM,11:47 AM
Period 5,12/15/2022,11:52 AM,12:35 PM
Period 6,12/15/2022,12:40 PM,1:23 PM
Period 7,12/15/2022,1:28 PM,2:30 PM
Period 1,12/19/2022,7:45 AM,8:52 AM
Period 2,12/19/2022,8:57 AM,9:40 AM
Period 3,12/19/2022,9:45 AM,10:28 AM
Period 4,12/19/2022,10:33 AM,11:16 AM
Lunch,12/19/2022,11:16 AM,12:06 PM
Period 5,12/19/2022,12:11 PM,12:54 PM
Period 6,12/19/2022,12:59 PM,1:42 PM
Period 7,12/19/2022,1:47 PM,2:30 PM
Period 1,12/20/2022,7:45 AM,8:33 AM
Period 2,12/20/2022,8:38 AM,9:40 AM
Period 3,12/20/2022,9:45 AM,10:28 AM
Period 4,12/20/2022,10:33 AM,11:16 AM
Lunch,12/20/2022,11:16 AM,12:06 PM
Period 5,12/20/2022,12:11 PM,12:54 PM
Period 6,12/20/2022,12:59 PM,1:42 PM
Period 7,12/20/2022,1:47 PM,2:30 PM
Period 1,12/21/2022,7:45 AM,8:30 AM
Period 2,12/21/2022,8:35 AM,9:17 AM
Period 3,12/21/2022,9:52 AM,10:34 AM
Period 4,12/21/2022,10:39 AM,11:21 AM
Lunch,12/21/2022,11:21 AM,12:09 PM
Period 5,12/21/2022,12:14 PM,12:56 PM
Period 6,12/21/2022,1:01 PM,1:43 PM
Period 7,12/21/2022,1:48 PM,2:30 PM
Advisory,12/21/2022,9:22 AM,9:47 AM
Period 1,12/22/2022,7:45 AM,8:33 AM
Period 2,12/22/2022,8:38 AM,9:21 AM
Period 3,12/22/2022,9:26 AM,10:28 AM
Period 4,12/22/2022,10:33 AM,11:16 AM
Lunch,12/22/2022,11:16 AM,12:06 PM
Period 5,12/22/2022,12:11 PM,12:54 PM
Period 6,12/22/2022,12:59 PM,1:42 PM
Period 7,12/22/2022,1:47 PM,2:30 PM
Period 1,1/3/2023,7:45 AM,8:33 AM
Period 2,1/3/2023,8:38 AM,9:21 AM
Period 3,1/3/2023,9:26 AM,10:09 AM
Period 4,1/3/2023,10:14 AM,11:16 AM
Lunch,1/3/2023,11:16 AM,12:06 PM
Period 5,1/3/2023,12:11 PM,12:54 PM
Period 6,1/3/2023,12:59 PM,1:42 PM
Period 7,1/3/2023,1:47 PM,2:30 PM
Period 1,1/4/2023,7:45 AM,8:30 AM
Period 2,1/4/2023,8:35 AM,9:17 AM
Period 3,1/4/2023,9:52 AM,10:34 AM
Period 4,1/4/2023,10:39 AM,11:21 AM
Lunch,1/4/2023,11:21 AM,12:09 PM
Period 5,1/4/2023,12:14 PM,12:56 PM
Period 6,1/4/2023,1:01 PM,1:43 PM
Period 7,1/4/2023,1:48 PM,2:30 PM
Advisory,1/4/2023,9:22 AM,9:47 AM
Period 1,1/5/2023,7:45 AM,8:33 AM
Period 2,1/5/2023,8:38 AM,9:21 AM
Period 3,1/5/2023,9:26 AM,10:09 AM
Period 4,1/5/2023,10:14 AM,10:57 AM
Lunch,1/5/2023,10:57 AM,11:47 AM
Period 5,1/5/2023,11:52 AM,12:54 PM
Period 6,1/5/2023,12:59 PM,1:42 PM
Period 7,1/5/2023,1:47 PM,2:30 PM
Period 1,1/6/2023,7:45 AM,8:33 AM
Period 2,1/6/2023,8:38 AM,9:21 AM
Period 3,1/6/2023,9:26 AM,10:09 AM
Period 4,1/6/2023,10:14 AM,10:57 AM
Lunch,1/6/2023,10:57 AM,11:47 AM
Period 5,1/6/2023,11:52 AM,12:35 PM
Period 6,1/6/2023,12:40 PM,1:42 PM
Period 7,1/6/2023,1:47 PM,2:30 PM
Period 1,1/9/2023,7:45 AM,8:33 AM
Period 2,1/9/2023,8:38 AM,9:21 AM
Period 3,1/9/2023,9:26 AM,10:09 AM
Period 4,1/9/2023,10:14 AM,10:57 AM
Lunch,1/9/2023,10:57 AM,11:47 AM
Period 5,1/9/2023,11:52 AM,12:35 PM
Period 6,1/9/2023,12:40 PM,1:23 PM
Period 7,1/9/2023,1:28 PM,2:30 PM
Period 1,1/10/2023,7:45 AM,8:52 AM
Period 2,1/10/2023,8:57 AM,9:40 AM
Period 3,1/10/2023,9:45 AM,10:28 AM
Period 4,1/10/2023,10:33 AM,11:16 AM
Lunch,1/10/2023,11:16 AM,12:06 PM
Period 5,1/10/2023,12:11 PM,12:54 PM
Period 6,1/10/2023,12:59 PM,1:42 PM
Period 7,1/10/2023,1:47 PM,2:30 PM
Period 1,1/11/2023,7:45 AM,8:30 AM
Period 2,1/11/2023,8:35 AM,9:17 AM
Period 3,1/11/2023,9:52 AM,10:34 AM
Period 4,1/11/2023,10:39 AM,11:21 AM
Lunch,1/11/2023,11:21 AM,12:09 PM
Period 5,1/11/2023,12:14 PM,12:56 PM
Period 6,1/11/2023,1:01 PM,1:43 PM
Period 7,1/11/2023,1:48 PM,2:30 PM
Advisory,1/11/2023,9:22 AM,9:47 AM
Period 1,1/12/2023,7:45 AM,8:33 AM
Period 2,1/12/2023,8:38 AM,9:40 AM
Period 3,1/12/2023,9:45 AM,10:28 AM
Period 4,1/12/2023,10:33 AM,11:16 AM
Lunch,1/12/2023,11:16 AM,12:06 PM
Period 5,1/12/2023,12:11 PM,12:54 PM
Period 6,1/12/2023,12:59 PM,1:42 PM
Period 7,1/12/2023,1:47 PM,2:30 PM
Period 1,1/13/2023,7:45 AM,8:33 AM
Period 2,1/13/2023,8:38 AM,9:21 AM
Period 3,1/13/2023,9:26 AM,10:28 AM
Period 4,1/13/2023,10:33 AM,11:16 AM
Lunch,1/13/2023,11:16 AM,12:06 PM
Period 5,1/13/2023,12:11 PM,12:54 PM
Period 6,1/13/2023,12:59 PM,1:42 PM
Period 7,1/13/2023,1:47 PM,2:30 PM
Period 1,1/17/2023,7:45 AM,8:33 AM
Period 2,1/17/2023,8:38 AM,9:21 AM
Period 3,1/17/2023,9:26 AM,10:09 AM
Period 4,1/17/2023,10:14 AM,11:16 AM
Lunch,1/17/2023,11:16 AM,12:06 PM
Period 5,1/17/2023,12:11 PM,12:54 PM
Period 6,1/17/2023,12:59 PM,1:42 PM
Period 7,1/17/2023,1:47 PM,2:30 PM
Period 1,1/18/2023,7:45 AM,8:30 AM
Period 2,1/18/2023,8:35 AM,9:17 AM
Period 3,1/18/2023,9:52 AM,10:34 AM
Period 4,1/18/2023,10:39 AM,11:21 AM
Lunch,1/18/2023,11:21 AM,12:09 PM
Period 5,1/18/2023,12:14 PM,12:56 PM
Period 6,1/18/2023,1:01 PM,1:43 PM
Period 7,1/18/2023,1:48 PM,2:30 PM
Advisory,1/18/2023,9:22 AM,9:47 AM
Period 1,1/19/2023,7:45 AM,8:33 AM
Period 2,1/19/2023,8:38 AM,9:21 AM
Period 3,1/19/2023,9:26 AM,10:09 AM
Period 4,1/19/2023,10:14 AM,10:57 AM
Lunch,1/19/2023,10:57 AM,11:47 AM
Period 5,1/19/2023,11:52 AM,12:54 PM
Period 6,1/19/2023,12:59 PM,1:42 PM
Period 7,1/19/2023,1:47 PM,2:30 PM
Period 1,1/20/2023,7:45 AM,8:33 AM
Period 2,1/20/2023,8:38 AM,9:21 AM
Period 3,1/20/2023,9:26 AM,10:09 AM
Period 4,1/20/2023,10:14 AM,10:57 AM
Lunch,1/20/2023,10:57 AM,11:47 AM
Period 5,1/20/2023,11:52 AM,12:35 PM
Period 6,1/20/2023,12:40 PM,1:42 PM
Period 7,1/20/2023,1:47 PM,2:30 PM
Period 1,1/23/2023,7:45 AM,8:33 AM
Period 2,1/23/2023,8:38 AM,9:21 AM
Period 3,1/23/2023,9:26 AM,10:09 AM
Period 4,1/23/2023,10:14 AM,10:57 AM
Lunch,1/23/2023,10:57 AM,11:47 AM
Period 5,1/23/2023,11:52 AM,12:35 PM
Period 6,1/23/2023,12:40 PM,1:23 PM
Period 7,1/23/2023,1:28 PM,2:30 PM
Period 1,1/24/2023,7:45 AM,8:52 AM
Period 2,1/24/2023,8:57 AM,9:40 AM
Period 3,1/24/2023,9:45 AM,10:28 AM
Period 4,1/24/2023,10:33 AM,11:16 AM
Lunch,1/24/2023,11:16 AM,12:06 PM
Period 5,1/24/2023,12:11 PM,12:54 PM
Period 6,1/24/2023,12:59 PM,1:42 PM
Period 7,1/24/2023,1:47 PM,2:30 PM
Period 1,1/25/2023,7:45 AM,8:30 AM
Period 2,1/25/2023,8:35 AM,9:17 AM
Period 3,1/25/2023,9:52 AM,10:34 AM
Period 4,1/25/2023,10:39 AM,11:21 AM
Lunch,1/25/2023,11:21 AM,12:09 PM
Period 5,1/25/2023,12:14 PM,12:56 PM
Period 6,1/25/2023,1:01 PM,1:43 PM
Period 7,1/25/2023,1:48 PM,2:30 PM
Advisory,1/25/2023,9:22 AM,9:47 AM
Period 1,1/26/2023,7:45 AM,8:33 AM
Period 2,1/26/2023,8:38 AM,9:40 AM
Period 3,1/26/2023,9:45 AM,10:28 AM
Period 4,1/26/2023,10:33 AM,11:16 AM
Lunch,1/26/2023,11:16 AM,12:06 PM
Period 5,1/26/2023,12:11 PM,12:54 PM
Period 6,1/26/2023,12:59 PM,1:42 PM
Period 7,1/26/2023,1:47 PM,2:30 PM
Period 1,1/30/2023,7:45 AM,8:33 AM
Period 2,1/30/2023,8:38 AM,9:21 AM
Period 3,1/30/2023,9:26 AM,10:28 AM
Period 4,1/30/2023,10:33 AM,11:16 AM
Lunch,1/30/2023,11:16 AM,12:06 PM
Period 5,1/30/2023,12:11 PM,12:54 PM
Period 6,1/30/2023,12:59 PM,1:42 PM
Period 7,1/30/2023,1:47 PM,2:30 PM
Period 1,1/31/2023,7:45 AM,8:33 AM
Period 2,1/31/2023,8:38 AM,9:21 AM
Period 3,1/31/2023,9:26 AM,10:09 AM
Period 4,1/31/2023,10:14 AM,11:16 AM
Lunch,1/31/2023,11:16 AM,12:06 PM
Period 5,1/31/2023,12:11 PM,12:54 PM
Period 6,1/31/2023,12:59 PM,1:42 PM
Period 7,1/31/2023,1:47 PM,2:30 PM
Period 1,2/1/2023,7:45 AM,8:30 AM
Period 2,2/1/2023,8:35 AM,9:17 AM
Period 3,2/1/2023,9:52 AM,10:34 AM
Period 4,2/1/2023,10:39 AM,11:21 AM
Lunch,2/1/2023,11:21 AM,12:09 PM
Period 5,2/1/2023,12:14 PM,12:56 PM
Period 6,2/1/2023,1:01 PM,1:43 PM
Period 7,2/1/2023,1:48 PM,2:30 PM
Advisory,2/1/2023,9:22 AM,9:47 AM
Period 1,2/2/2023,7:45 AM,8:33 AM
Period 2,2/2/2023,8:38 AM,9:21 AM
Period 3,2/2/2023,9:26 AM,10:09 AM
Period 4,2/2/2023,10:14 AM,10:57 AM
Lunch,2/2/2023,10:57 AM,11:47 AM
Period 5,2/2/2023,11:52 AM,12:54 PM
Period 6,2/2/2023,12:59 PM,1:42 PM
Period 7,2/2/2023,1:47 PM,2:30 PM
Period 1,2/3/2023,7:45 AM,8:33 AM
Period 2,2/3/2023,8:38 AM,9:21 AM
Period 3,2/3/2023,9:26 AM,10:09 AM
Period 4,2/3/2023,10:14 AM,10:57 AM
Lunch,2/3/2023,10:57 AM,11:47 AM
Period 5,2/3/2023,11:52 AM,12:35 PM
Period 6,2/3/2023,12:40 PM,1:42 PM
Period 7,2/3/2023,1:47 PM,2:30 PM
Period 1,2/6/2023,7:45 AM,8:33 AM
Period 2,2/6/2023,8:38 AM,9:21 AM
Period 3,2/6/2023,9:26 AM,10:09 AM
Period 4,2/6/2023,10:14 AM,10:57 AM
Lunch,2/6/2023,10:57 AM,11:47 AM
Period 5,2/6/2023,11:52 AM,12:35 PM
Period 6,2/6/2023,12:40 PM,1:23 PM
Period 7,2/6/2023,1:28 PM,2:30 PM
Period 1,2/7/2023,7:45 AM,8:52 AM
Period 2,2/7/2023,8:57 AM,9:40 AM
Period 3,2/7/2023,9:45 AM,10:28 AM
Period 4,2/7/2023,10:33 AM,11:16 AM
Lunch,2/7/2023,11:16 AM,12:06 PM
Period 5,2/7/2023,12:11 PM,12:54 PM
Period 6,2/7/2023,12:59 PM,1:42 PM
Period 7,2/7/2023,1:47 PM,2:30 PM
Period 1,2/8/2023,7:45 AM,8:30 AM
Period 2,2/8/2023,8:35 AM,9:17 AM
Period 3,2/8/2023,9:52 AM,10:34 AM
Period 4,2/8/2023,10:39 AM,11:21 AM
Lunch,2/8/2023,11:21 AM,12:09 PM
Period 5,2/8/2023,12:14 PM,12:56 PM
Period 6,2/8/2023,1:01 PM,1:43 PM
Period 7,2/8/2023,1:48 PM,2:30 PM
Advisory,2/8/2023,9:22 AM,9:47 AM
Period 1,2/9/2023,7:45 AM,8:33 AM
Period 2,2/9/2023,8:38 AM,9:40 AM
Period 3,2/9/2023,9:45 AM,10:28 AM
Period 4,2/9/2023,10:33 AM,11:16 AM
Lunch,2/9/2023,11:16 AM,12:06 PM
Period 5,2/9/2023,12:11 PM,12:54 PM
Period 6,2/9/2023,12:59 PM,1:42 PM
Period 7,2/9/2023,1:47 PM,2:30 PM
Period 1,2/10/2023,7:45 AM,8:33 AM
Period 2,2/10/2023,8:38 AM,9:21 AM
Period 3,2/10/2023,9:26 AM,10:28 AM
Period 4,2/10/2023,10:33 AM,11:16 AM
Lunch,2/10/2023,11:16 AM,12:06 PM
Period 5,2/10/2023,12:11 PM,12:54 PM
Period 6,2/10/2023,12:59 PM,1:42 PM
Period 7,2/10/2023,1:47 PM,2:30 PM
Period 1,2/13/2023,7:45 AM,8:33 AM
Period 2,2/13/2023,8:38 AM,9:21 AM
Period 3,2/13/2023,9:26 AM,10:09 AM
Period 4,2/13/2023,10:14 AM,11:16 AM
Lunch,2/13/2023,11:16 AM,12:06 PM
Period 5,2/13/2023,12:11 PM,12:54 PM
Period 6,2/13/2023,12:59 PM,1:42 PM
Period 7,2/13/2023,1:47 PM,2:30 PM
Period 1,2/14/2023,7:45 AM,8:33 AM
Period 2,2/14/2023,8:38 AM,9:21 AM
Period 3,2/14/2023,9:26 AM,10:09 AM
Period 4,2/14/2023,10:14 AM,10:57 AM
Lunch,2/14/2023,10:57 AM,11:47 AM
Period 5,2/14/2023,11:52 AM,12:54 PM
Period 6,2/14/2023,12:59 PM,1:42 PM
Period 7,2/14/2023,1:47 PM,2:30 PM
Period 1,2/15/2023,7:45 AM,8:30 AM
Period 2,2/15/2023,8:35 AM,9:17 AM
Period 3,2/15/2023,9:52 AM,10:34 AM
Period 4,2/15/2023,10:39 AM,11:21 AM
Lunch,2/15/2023,11:21 AM,12:09 PM
Period 5,2/15/2023,12:14 PM,12:56 PM
Period 6,2/15/2023,1:01 PM,1:43 PM
Period 7,2/15/2023,1:48 PM,2:30 PM
Advisory,2/15/2023,9:22 AM,9:47 AM
Period 1,2/16/2023,7:45 AM,8:33 AM
Period 2,2/16/2023,8:38 AM,9:21 AM
Period 3,2/16/2023,9:26 AM,10:09 AM
Period 4,2/16/2023,10:14 AM,10:57 AM
Lunch,2/16/2023,10:57 AM,11:47 AM
Period 5,2/16/2023,11:52 AM,12:35 PM
Period 6,2/16/2023,12:40 PM,1:42 PM
Period 7,2/16/2023,1:47 PM,2:30 PM
Period 1,2/17/2023,7:45 AM,8:33 AM
Period 2,2/17/2023,8:38 AM,9:21 AM
Period 3,2/17/2023,9:26 AM,10:09 AM
Period 4,2/17/2023,10:14 AM,10:57 AM
Lunch,2/17/2023,10:57 AM,11:47 AM
Period 5,2/17/2023,11:52 AM,12:35 PM
Period 6,2/17/2023,12:40 PM,1:23 PM
Period 7,2/17/2023,1:28 PM,2:30 PM
Period 1,2/21/2023,7:45 AM,8:52 AM
Period 2,2/21/2023,8:57 AM,9:40 AM
Period 3,2/21/2023,9:45 AM,10:28 AM
Period 4,2/21/2023,10:33 AM,11:16 AM
Lunch,2/21/2023,11:16 AM,12:06 PM
Period 5,2/21/2023,12:11 PM,12:54 PM
Period 6,2/21/2023,12:59 PM,1:42 PM
Period 7,2/21/2023,1:47 PM,2:30 PM
Period 1,2/22/2023,7:45 AM,8:30 AM
Period 2,2/22/2023,8:35 AM,9:17 AM
Period 3,2/22/2023,9:52 AM,10:34 AM
Period 4,2/22/2023,10:39 AM,11:21 AM
Lunch,2/22/2023,11:21 AM,12:09 PM
Period 5,2/22/2023,12:14 PM,12:56 PM
Period 6,2/22/2023,1:01 PM,1:43 PM
Period 7,2/22/2023,1:48 PM,2:30 PM
Advisory,2/22/2023,9:22 AM,9:47 AM
Period 1,2/23/2023,7:45 AM,8:33 AM
Period 2,2/23/2023,8:38 AM,9:40 AM
Period 3,2/23/2023,9:45 AM,10:28 AM
Period 4,2/23/2023,10:33 AM,11:16 AM
Lunch,2/23/2023,11:16 AM,12:06 PM
Period 5,2/23/2023,12:11 PM,12:54 PM
Period 6,2/23/2023,12:59 PM,1:42 PM
Period 7,2/23/2023,1:47 PM,2:30 PM
Period 1,2/24/2023,7:45 AM,8:33 AM
Period 2,2/24/2023,8:38 AM,9:21 AM
Period 3,2/24/2023,9:26 AM,10:28 AM
Period 4,2/24/2023,10:33 AM,11:16 AM
Lunch,2/24/2023,11:16 AM,12:06 PM
Period 5,2/24/2023,12:11 PM,12:54 PM
Period 6,2/24/2023,12:59 PM,1:42 PM
Period 7,2/24/2023,1:47 PM,2:30 PM
Period 1,2/27/2023,7:45 AM,8:33 AM
Period 2,2/27/2023,8:38 AM,9:21 AM
Period 3,2/27/2023,9:26 AM,10:09 AM
Period 4,2/27/2023,10:14 AM,11:16 AM
Lunch,2/27/2023,11:16 AM,12:06 PM
Period 5,2/27/2023,12:11 PM,12:54 PM
Period 6,2/27/2023,12:59 PM,1:42 PM
Period 7,2/27/2023,1:47 PM,2:30 PM
Period 1,2/28/2023,7:45 AM,8:33 AM
Period 2,2/28/2023,8:38 AM,9:21 AM
Period 3,2/28/2023,9:26 AM,10:09 AM
Period 4,2/28/2023,10:14 AM,10:57 AM
Lunch,2/28/2023,10:57 AM,11:47 AM
Period 5,2/28/2023,11:52 AM,12:54 PM
Period 6,2/28/2023,12:59 PM,1:42 PM
Period 7,2/28/2023,1:47 PM,2:30 PM
Period 1,3/1/2023,7:45 AM,8:30 AM
Period 2,3/1/2023,8:35 AM,9:17 AM
Period 3,3/1/2023,9:52 AM,10:34 AM
Period 4,3/1/2023,10:39 AM,11:21 AM
Lunch,3/1/2023,11:21 AM,12:09 PM
Period 5,3/1/2023,12:14 PM,12:56 PM
Period 6,3/1/2023,1:01 PM,1:43 PM
Period 7,3/1/2023,1:48 PM,2:30 PM
Advisory,3/1/2023,9:22 AM,9:47 AM
Period 1,3/2/2023,7:45 AM,8:33 AM
Period 2,3/2/2023,8:38 AM,9:21 AM
Period 3,3/2/2023,9:26 AM,10:09 AM
Period 4,3/2/2023,10:14 AM,10:57 AM
Lunch,3/2/2023,10:57 AM,11:47 AM
Period 5,3/2/2023,11:52 AM,12:35 PM
Period 6,3/2/2023,12:40 PM,1:42 PM
Period 7,3/2/2023,1:47 PM,2:30 PM
Period 1,3/6/2023,7:45 AM,8:33 AM
Period 2,3/6/2023,8:38 AM,9:21 AM
Period 3,3/6/2023,9:26 AM,10:09 AM
Period 4,3/6/2023,10:14 AM,10:57 AM
Lunch,3/6/2023,10:57 AM,11:47 AM
Period 5,3/6/2023,11:52 AM,12:35 PM
Period 6,3/6/2023,12:40 PM,1:23 PM
Period 7,3/6/2023,1:28 PM,2:30 PM
Period 1,3/7/2023,7:45 AM,8:52 AM
Period 2,3/7/2023,8:57 AM,9:40 AM
Period 3,3/7/2023,9:45 AM,10:28 AM
Period 4,3/7/2023,10:33 AM,11:16 AM
Lunch,3/7/2023,11:16 AM,12:06 PM
Period 5,3/7/2023,12:11 PM,12:54 PM
Period 6,3/7/2023,12:59 PM,1:42 PM
Period 7,3/7/2023,1:47 PM,2:30 PM
Period 1,3/8/2023,7:45 AM,8:30 AM
Period 2,3/8/2023,8:35 AM,9:17 AM
Period 3,3/8/2023,9:52 AM,10:34 AM
Period 4,3/8/2023,10:39 AM,11:21 AM
Lunch,3/8/2023,11:21 AM,12:09 PM
Period 5,3/8/2023,12:14 PM,12:56 PM
Period 6,3/8/2023,1:01 PM,1:43 PM
Period 7,3/8/2023,1:48 PM,2:30 PM
Advisory,3/8/2023,9:22 AM,9:47 AM
Period 1,3/9/2023,7:45 AM,8:33 AM
Period 2,3/9/2023,8:38 AM,9:40 AM
Period 3,3/9/2023,9:45 AM,10:28 AM
Period 4,3/9/2023,10:33 AM,11:16 AM
Lunch,3/9/2023,11:16 AM,12:06 PM
Period 5,3/9/2023,12:11 PM,12:54 PM
Period 6,3/9/2023,12:59 PM,1:42 PM
Period 7,3/9/2023,1:47 PM,2:30 PM
Period 1,3/10/2023,7:45 AM,8:33 AM
Period 2,3/10/2023,8:38 AM,9:21 AM
Period 3,3/10/2023,9:26 AM,10:28 AM
Period 4,3/10/2023,10:33 AM,11:16 AM
Lunch,3/10/2023,11:16 AM,12:06 PM
Period 5,3/10/2023,12:11 PM,12:54 PM
Period 6,3/10/2023,12:59 PM,1:42 PM
Period 7,3/10/2023,1:47 PM,2:30 PM
Period 1,3/13/2023,7:45 AM,8:33 AM
Period 2,3/13/2023,8:38 AM,9:21 AM
Period 3,3/13/2023,9:26 AM,10:09 AM
Period 4,3/13/2023,10:14 AM,11:16 AM
Lunch,3/13/2023,11:16 AM,12:06 PM
Period 5,3/13/2023,12:11 PM,12:54 PM
Period 6,3/13/2023,12:59 PM,1:42 PM
Period 7,3/13/2023,1:47 PM,2:30 PM
Period 1,3/14/2023,7:45 AM,8:33 AM
Period 2,3/14/2023,8:38 AM,9:21 AM
Period 3,3/14/2023,9:26 AM,10:09 AM
Period 4,3/14/2023,10:14 AM,10:57 AM
Lunch,3/14/2023,10:57 AM,11:47 AM
Period 5,3/14/2023,11:52 AM,12:54 PM
Period 6,3/14/2023,12:59 PM,1:42 PM
Period 7,3/14/2023,1:47 PM,2:30 PM
Period 1,3/16/2023,7:45 AM,8:33 AM
Period 2,3/16/2023,8:38 AM,9:21 AM
Period 3,3/16/2023,9:26 AM,10:09 AM
Period 4,3/16/2023,10:14 AM,10:57 AM
Lunch,3/16/2023,10:57 AM,11:47 AM
Period 5,3/16/2023,11:52 AM,12:35 PM
Period 6,3/16/2023,12:40 PM,1:42 PM
Period 7,3/16/2023,1:47 PM,2:30 PM
Period 1,3/17/2023,7:45 AM,8:33 AM
Period 2,3/17/2023,8:38 AM,9:21 AM
Period 3,3/17/2023,9:26 AM,10:09 AM
Period 4,3/17/2023,10:14 AM,10:57 AM
Lunch,3/17/2023,10:57 AM,11:47 AM
Period 5,3/17/2023,11:52 AM,12:35 PM
Period 6,3/17/2023,12:40 PM,1:23 PM
Period 7,3/17/2023,1:28 PM,2:30 PM
Period 1,3/20/2023,7:45 AM,8:52 AM
Period 2,3/20/2023,8:57 AM,9:40 AM
Period 3,3/20/2023,9:45 AM,10:28 AM
Period 4,3/20/2023,10:33 AM,11:16 AM
Lunch,3/20/2023,11:16 AM,12:06 PM
Period 5,3/20/2023,12:11 PM,12:54 PM
Period 6,3/20/2023,12:59 PM,1:42 PM
Period 7,3/20/2023,1:47 PM,2:30 PM
Period 1,3/21/2023,7:45 AM,8:33 AM
Period 2,3/21/2023,8:38 AM,9:40 AM
Period 3,3/21/2023,9:45 AM,10:28 AM
Period 4,3/21/2023,10:33 AM,11:16 AM
Lunch,3/21/2023,11:16 AM,12:06 PM
Period 5,3/21/2023,12:11 PM,12:54 PM
Period 6,3/21/2023,12:59 PM,1:42 PM
Period 7,3/21/2023,1:47 PM,2:30 PM
Period 1,3/22/2023,7:45 AM,8:30 AM
Period 2,3/22/2023,8:35 AM,9:17 AM
Period 3,3/22/2023,9:52 AM,10:34 AM
Period 4,3/22/2023,10:39 AM,11:21 AM
Lunch,3/22/2023,11:21 AM,12:09 PM
Period 5,3/22/2023,12:14 PM,12:56 PM
Period 6,3/22/2023,1:01 PM,1:43 PM
Period 7,3/22/2023,1:48 PM,2:30 PM
Advisory,3/22/2023,9:22 AM,9:47 AM
Period 1,3/23/2023,7:45 AM,8:33 AM
Period 2,3/23/2023,8:38 AM,9:21 AM
Period 3,3/23/2023,9:26 AM,10:28 AM
Period 4,3/23/2023,10:33 AM,11:16 AM
Lunch,3/23/2023,11:16 AM,12:06 PM
Period 5,3/23/2023,12:11 PM,12:54 PM
Period 6,3/23/2023,12:59 PM,1:42 PM
Period 7,3/23/2023,1:47 PM,2:30 PM
Period 1,3/24/2023,7:45 AM,8:33 AM
Period 2,3/24/2023,8:38 AM,9:21 AM
Period 3,3/24/2023,9:26 AM,10:09 AM
Period 4,3/24/2023,10:14 AM,11:16 AM
Lunch,3/24/2023,11:16 AM,12:06 PM
Period 5,3/24/2023,12:11 PM,12:54 PM
Period 6,3/24/2023,12:59 PM,1:42 PM
Period 7,3/24/2023,1:47 PM,2:30 PM
Period 1,3/27/2023,7:45 AM,8:33 AM
Period 2,3/27/2023,8:38 AM,9:21 AM
Period 3,3/27/2023,9:26 AM,10:09 AM
Period 4,3/27/2023,10:14 AM,10:57 AM
Lunch,3/27/2023,10:57 AM,11:47 AM
Period 5,3/27/2023,11:52 AM,12:54 PM
Period 6,3/27/2023,12:59 PM,1:42 PM
Period 7,3/27/2023,1:47 PM,2:30 PM
Period 1,3/28/2023,7:45 AM,8:33 AM
Period 2,3/28/2023,8:38 AM,9:21 AM
Period 3,3/28/2023,9:26 AM,10:09 AM
Period 4,3/28/2023,10:14 AM,10:57 AM
Lunch,3/28/2023,10:57 AM,11:47 AM
Period 5,3/28/2023,11:52 AM,12:35 PM
Period 6,3/28/2023,12:40 PM,1:42 PM
Period 7,3/28/2023,1:47 PM,2:30 PM
Period 1,3/29/2023,7:45 AM,8:30 AM
Period 2,3/29/2023,8:35 AM,9:17 AM
Period 3,3/29/2023,9:52 AM,10:34 AM
Period 4,3/29/2023,10:39 AM,11:21 AM
Lunch,3/29/2023,11:21 AM,12:09 PM
Period 5,3/29/2023,12:14 PM,12:56 PM
Period 6,3/29/2023,1:01 PM,1:43 PM
Period 7,3/29/2023,1:48 PM,2:30 PM
Advisory,3/29/2023,9:22 AM,9:47 AM
Period 1,3/30/2023,7:45 AM,8:33 AM
Period 2,3/30/2023,8:38 AM,9:21 AM
Period 3,3/30/2023,9:26 AM,10:09 AM
Period 4,3/30/2023,10:14 AM,10:57 AM
Lunch,3/30/2023,10:57 AM,11:47 AM
Period 5,3/30/2023,11:52 AM,12:35 PM
Period 6,3/30/2023,12:40 PM,1:23 PM
Period 7,3/30/2023,1:28 PM,2:30 PM
Period 1,4/11/2023,7:45 AM,8:52 AM
Period 2,4/11/2023,8:57 AM,9:40 AM
Period 3,4/11/2023,9:45 AM,10:28 AM
Period 4,4/11/2023,10:33 AM,11:16 AM
Lunch,4/11/2023,11:16 AM,12:06 PM
Period 5,4/11/2023,12:11 PM,12:54 PM
Period 6,4/11/2023,12:59 PM,1:42 PM
Period 7,4/11/2023,1:47 PM,2:30 PM
Period 1,4/12/2023,7:45 AM,8:30 AM
Period 2,4/12/2023,8:35 AM,9:17 AM
Period 3,4/12/2023,9:52 AM,10:34 AM
Period 4,4/12/2023,10:39 AM,11:21 AM
Lunch,4/12/2023,11:21 AM,12:09 PM
Period 5,4/12/2023,12:14 PM,12:56 PM
Period 6,4/12/2023,1:01 PM,1:43 PM
Period 7,4/12/2023,1:48 PM,2:30 PM
Advisory,4/12/2023,9:22 AM,9:47 AM
Period 1,4/13/2023,7:45 AM,8:33 AM
Period 2,4/13/2023,8:38 AM,9:40 AM
Period 3,4/13/2023,9:45 AM,10:28 AM
Period 4,4/13/2023,10:33 AM,11:16 AM
Lunch,4/13/2023,11:16 AM,12:06 PM
Period 5,4/13/2023,12:11 PM,12:54 PM
Period 6,4/13/2023,12:59 PM,1:42 PM
Period 7,4/13/2023,1:47 PM,2:30 PM
Period 1,4/17/2023,7:45 AM,8:33 AM
Period 2,4/17/2023,8:38 AM,9:21 AM
Period 3,4/17/2023,9:26 AM,10:28 AM
Period 4,4/17/2023,10:33 AM,11:16 AM
Lunch,4/17/2023,11:16 AM,12:06 PM
Period 5,4/17/2023,12:11 PM,12:54 PM
Period 6,4/17/2023,12:59 PM,1:42 PM
Period 7,4/17/2023,1:47 PM,2:30 PM
Period 1,4/18/2023,7:45 AM,8:33 AM
Period 2,4/18/2023,8:38 AM,9:21 AM
Period 3,4/18/2023,9:26 AM,10:09 AM
Period 4,4/18/2023,10:14 AM,11:16 AM
Lunch,4/18/2023,11:16 AM,12:06 PM
Period 5,4/18/2023,12:11 PM,12:54 PM
Period 6,4/18/2023,12:59 PM,1:42 PM
Period 7,4/18/2023,1:47 PM,2:30 PM
Period 1,4/19/2023,7:45 AM,8:30 AM
Period 2,4/19/2023,8:35 AM,9:17 AM
Period 3,4/19/2023,9:52 AM,10:34 AM
Period 4,4/19/2023,10:39 AM,11:21 AM
Lunch,4/19/2023,11:21 AM,12:09 PM
Period 5,4/19/2023,12:14 PM,12:56 PM
Period 6,4/19/2023,1:01 PM,1:43 PM
Period 7,4/19/2023,1:48 PM,2:30 PM
Advisory,4/19/2023,9:22 AM,9:47 AM
Period 1,4/20/2023,7:45 AM,8:33 AM
Period 2,4/20/2023,8:38 AM,9:21 AM
Period 3,4/20/2023,9:26 AM,10:09 AM
Period 4,4/20/2023,10:14 AM,10:57 AM
Lunch,4/20/2023,10:57 AM,11:47 AM
Period 5,4/20/2023,11:52 AM,12:54 PM
Period 6,4/20/2023,12:59 PM,1:42 PM
Period 7,4/20/2023,1:47 PM,2:30 PM
Period 1,4/24/2023,7:45 AM,8:33 AM
Period 2,4/24/2023,8:38 AM,9:21 AM
Period 3,4/24/2023,9:26 AM,10:09 AM
Period 4,4/24/2023,10:14 AM,10:57 AM
Lunch,4/24/2023,10:57 AM,11:47 AM
Period 5,4/24/2023,11:52 AM,12:35 PM
Period 6,4/24/2023,12:40 PM,1:42 PM
Period 7,4/24/2023,1:47 PM,2:30 PM
Period 1,4/25/2023,7:45 AM,8:33 AM
Period 2,4/25/2023,8:38 AM,9:21 AM
Period 3,4/25/2023,9:26 AM,10:09 AM
Period 4,4/25/2023,10:14 AM,10:57 AM
Lunch,4/25/2023,10:57 AM,11:47 AM
Period 5,4/25/2023,11:52 AM,12:35 PM
Period 6,4/25/2023,12:40 PM,1:23 PM
Period 7,4/25/2023,1:28 PM,2:30 PM
Period 1,4/26/2023,7:45 AM,8:30 AM
Period 2,4/26/2023,8:35 AM,9:17 AM
Period 3,4/26/2023,9:52 AM,10:34 AM
Period 4,4/26/2023,10:39 AM,11:21 AM
Lunch,4/26/2023,11:21 AM,12:09 PM
Period 5,4/26/2023,12:14 PM,12:56 PM
Period 6,4/26/2023,1:01 PM,1:43 PM
Period 7,4/26/2023,1:48 PM,2:30 PM
Advisory,4/26/2023,9:22 AM,9:47 AM
Period 1,4/27/2023,7:45 AM,8:52 AM
Period 2,4/27/2023,8:57 AM,9:40 AM
Period 3,4/27/2023,9:45 AM,10:28 AM
Period 4,4/27/2023,10:33 AM,11:16 AM
Lunch,4/27/2023,11:16 AM,12:06 PM
Period 5,4/27/2023,12:11 PM,12:54 PM
Period 6,4/27/2023,12:59 PM,1:42 PM
Period 7,4/27/2023,1:47 PM,2:30 PM
Period 1,4/28/2023,7:45 AM,8:33 AM
Period 2,4/28/2023,8:38 AM,9:40 AM
Period 3,4/28/2023,9:45 AM,10:28 AM
Period 4,4/28/2023,10:33 AM,11:16 AM
Lunch,4/28/2023,11:16 AM,12:06 PM
Period 5,4/28/2023,12:11 PM,12:54 PM
Period 6,4/28/2023,12:59 PM,1:42 PM
Period 7,4/28/2023,1:47 PM,2:30 PM
Period 1,5/1/2023,7:45 AM,8:33 AM
Period 2,5/1/2023,8:38 AM,9:21 AM
Period 3,5/1/2023,9:26 AM,10:28 AM
Period 4,5/1/2023,10:33 AM,11:16 AM
Lunch,5/1/2023,11:16 AM,12:06 PM
Period 5,5/1/2023,12:11 PM,12:54 PM
Period 6,5/1/2023,12:59 PM,1:42 PM
Period 7,5/1/2023,1:47 PM,2:30 PM
Period 1,5/2/2023,7:45 AM,8:33 AM
Period 2,5/2/2023,8:38 AM,9:21 AM
Period 3,5/2/2023,9:26 AM,10:09 AM
Period 4,5/2/2023,10:14 AM,11:16 AM
Lunch,5/2/2023,11:16 AM,12:06 PM
Period 5,5/2/2023,12:11 PM,12:54 PM
Period 6,5/2/2023,12:59 PM,1:42 PM
Period 7,5/2/2023,1:47 PM,2:30 PM
Period 1,5/3/2023,7:45 AM,8:30 AM
Period 2,5/3/2023,8:35 AM,9:17 AM
Period 3,5/3/2023,9:52 AM,10:34 AM
Period 4,5/3/2023,10:39 AM,11:21 AM
Lunch,5/3/2023,11:21 AM,12:09 PM
Period 5,5/3/2023,12:14 PM,12:56 PM
Period 6,5/3/2023,1:01 PM,1:43 PM
Period 7,5/3/2023,1:48 PM,2:30 PM
Advisory,5/3/2023,9:22 AM,9:47 AM
Period 1,5/4/2023,7:45 AM,8:33 AM
Period 2,5/4/2023,8:38 AM,9:21 AM
Period 3,5/4/2023,9:26 AM,10:09 AM
Period 4,5/4/2023,10:14 AM,10:57 AM
Lunch,5/4/2023,10:57 AM,11:47 AM
Period 5,5/4/2023,11:52 AM,12:54 PM
Period 6,5/4/2023,12:59 PM,1:42 PM
Period 7,5/4/2023,1:47 PM,2:30 PM
Period 1,5/5/2023,7:45 AM,8:33 AM
Period 2,5/5/2023,8:38 AM,9:21 AM
Period 3,5/5/2023,9:26 AM,10:09 AM
Period 4,5/5/2023,10:14 AM,10:57 AM
Lunch,5/5/2023,10:57 AM,11:47 AM
Period 5,5/5/2023,11:52 AM,12:35 PM
Period 6,5/5/2023,12:40 PM,1:42 PM
Period 7,5/5/2023,1:47 PM,2:30 PM
Period 1,5/8/2023,7:45 AM,8:33 AM
Period 2,5/8/2023,8:38 AM,9:21 AM
Period 3,5/8/2023,9:26 AM,10:09 AM
Period 4,5/8/2023,10:14 AM,10:57 AM
Lunch,5/8/2023,10:57 AM,11:47 AM
Period 5,5/8/2023,11:52 AM,12:35 PM
Period 6,5/8/2023,12:40 PM,1:23 PM
Period 7,5/8/2023,1:28 PM,2:30 PM
Period 1,5/9/2023,7:45 AM,8:52 AM
Period 2,5/9/2023,8:57 AM,9:40 AM
Period 3,5/9/2023,9:45 AM,10:28 AM
Period 4,5/9/2023,10:33 AM,11:16 AM
Lunch,5/9/2023,11:16 AM,12:06 PM
Period 5,5/9/2023,12:11 PM,12:54 PM
Period 6,5/9/2023,12:59 PM,1:42 PM
Period 7,5/9/2023,1:47 PM,2:30 PM
Period 1,5/10/2023,7:45 AM,8:30 AM
Period 2,5/10/2023,8:35 AM,9:17 AM
Period 3,5/10/2023,9:52 AM,10:34 AM
Period 4,5/10/2023,10:39 AM,11:21 AM
Lunch,5/10/2023,11:21 AM,12:09 PM
Period 5,5/10/2023,12:14 PM,12:56 PM
Period 6,5/10/2023,1:01 PM,1:43 PM
Period 7,5/10/2023,1:48 PM,2:30 PM
Advisory,5/10/2023,9:22 AM,9:47 AM
Period 1,5/11/2023,7:45 AM,8:33 AM
Period 2,5/11/2023,8:38 AM,9:40 AM
Period 3,5/11/2023,9:45 AM,10:28 AM
Period 4,5/11/2023,10:33 AM,11:16 AM
Lunch,5/11/2023,11:16 AM,12:06 PM
Period 5,5/11/2023,12:11 PM,12:54 PM
Period 6,5/11/2023,12:59 PM,1:42 PM
Period 7,5/11/2023,1:47 PM,2:30 PM
Period 1,5/12/2023,7:45 AM,8:33 AM
Period 2,5/12/2023,8:38 AM,9:21 AM
Period 3,5/12/2023,9:26 AM,10:28 AM
Period 4,5/12/2023,10:33 AM,11:16 AM
Lunch,5/12/2023,11:16 AM,12:06 PM
Period 5,5/12/2023,12:11 PM,12:54 PM
Period 6,5/12/2023,12:59 PM,1:42 PM
Period 7,5/12/2023,1:47 PM,2:30 PM
Period 1,5/15/2023,7:45 AM,8:33 AM
Period 2,5/15/2023,8:38 AM,9:21 AM
Period 3,5/15/2023,9:26 AM,10:09 AM
Period 4,5/15/2023,10:14 AM,11:16 AM
Lunch,5/15/2023,11:16 AM,12:06 PM
Period 5,5/15/2023,12:11 PM,12:54 PM
Period 6,5/15/2023,12:59 PM,1:42 PM
Period 7,5/15/2023,1:47 PM,2:30 PM
Period 1,5/16/2023,7:45 AM,8:33 AM
Period 2,5/16/2023,8:38 AM,9:21 AM
Period 3,5/16/2023,9:26 AM,10:09 AM
Period 4,5/16/2023,10:14 AM,10:57 AM
Lunch,5/16/2023,10:57 AM,11:47 AM
Period 5,5/16/2023,11:52 AM,12:54 PM
Period 6,5/16/2023,12:59 PM,1:42 PM
Period 7,5/16/2023,1:47 PM,2:30 PM
Period 1,5/17/2023,7:45 AM,8:30 AM
Period 2,5/17/2023,8:35 AM,9:17 AM
Period 3,5/17/2023,9:52 AM,10:34 AM
Period 4,5/17/2023,10:39 AM,11:21 AM
Lunch,5/17/2023,11:21 AM,12:09 PM
Period 5,5/17/2023,12:14 PM,12:56 PM
Period 6,5/17/2023,1:01 PM,1:43 PM
Period 7,5/17/2023,1:48 PM,2:30 PM
Advisory,5/17/2023,9:22 AM,9:47 AM
Period 1,5/18/2023,7:45 AM,8:33 AM
Period 2,5/18/2023,8:38 AM,9:21 AM
Period 3,5/18/2023,9:26 AM,10:09 AM
Period 4,5/18/2023,10:14 AM,10:57 AM
Lunch,5/18/2023,10:57 AM,11:47 AM
Period 5,5/18/2023,11:52 AM,12:35 PM
Period 6,5/18/2023,12:40 PM,1:42 PM
Period 7,5/18/2023,1:47 PM,2:30 PM
Period 1,5/19/2023,7:45 AM,8:33 AM
Period 2,5/19/2023,8:38 AM,9:21 AM
Period 3,5/19/2023,9:26 AM,10:09 AM
Period 4,5/19/2023,10:14 AM,10:57 AM
Lunch,5/19/2023,10:57 AM,11:47 AM
Period 5,5/19/2023,11:52 AM,12:35 PM
Period 6,5/19/2023,12:40 PM,1:23 PM
Period 7,5/19/2023,1:28 PM,2:30 PM
Period 1,5/22/2023,7:45 AM,8:52 AM
Period 2,5/22/2023,8:57 AM,9:40 AM
Period 3,5/22/2023,9:45 AM,10:28 AM
Period 4,5/22/2023,10:33 AM,11:16 AM
Lunch,5/22/2023,11:16 AM,12:06 PM
Period 5,5/22/2023,12:11 PM,12:54 PM
Period 6,5/22/2023,12:59 PM,1:42 PM
Period 7,5/22/2023,1:47 PM,2:30 PM
Period 1,5/23/2023,7:45 AM,8:33 AM
Period 2,5/23/2023,8:38 AM,9:40 AM
Period 3,5/23/2023,9:45 AM,10:28 AM
Period 4,5/23/2023,10:33 AM,11:16 AM
Lunch,5/23/2023,11:16 AM,12:06 PM
Period 5,5/23/2023,12:11 PM,12:54 PM
Period 6,5/23/2023,12:59 PM,1:42 PM
Period 7,5/23/2023,1:47 PM,2:30 PM
Period 1,5/24/2023,7:45 AM,8:30 AM
Period 2,5/24/2023,8:35 AM,9:17 AM
Period 3,5/24/2023,9:52 AM,10:34 AM
Period 4,5/24/2023,10:39 AM,11:21 AM
Lunch,5/24/2023,11:21 AM,12:09 PM
Period 5,5/24/2023,12:14 PM,12:56 PM
Period 6,5/24/2023,1:01 PM,1:43 PM
Period 7,5/24/2023,1:48 PM,2:30 PM
Advisory,5/24/2023,9:22 AM,9:47 AM
Period 1,5/25/2023,7:45 AM,8:33 AM
Period 2,5/25/2023,8:38 AM,9:21 AM
Period 3,5/25/2023,9:26 AM,10:28 AM
Period 4,5/25/2023,10:33 AM,11:16 AM
Lunch,5/25/2023,11:16 AM,12:06 PM
Period 5,5/25/2023,12:11 PM,12:54 PM
Period 6,5/25/2023,12:59 PM,1:42 PM
Period 7,5/25/2023,1:47 PM,2:30 PM
Period 1,5/26/2023,7:45 AM,8:33 AM
Period 2,5/26/2023,8:38 AM,9:21 AM
Period 3,5/26/2023,9:26 AM,10:09 AM
Period 4,5/26/2023,10:14 AM,11:16 AM
Lunch,5/26/2023,11:16 AM,12:06 PM
Period 5,5/26/2023,12:11 PM,12:54 PM
Period 6,5/26/2023,12:59 PM,1:42 PM
Period 7,5/26/2023,1:47 PM,2:30 PM
Period 1,5/30/2023,7:45 AM,8:33 AM
Period 2,5/30/2023,8:38 AM,9:21 AM
Period 3,5/30/2023,9:26 AM,10:09 AM
Period 4,5/30/2023,10:14 AM,10:57 AM
Lunch,5/30/2023,10:57 AM,11:47 AM
Period 5,5/30/2023,11:52 AM,12:54 PM
Period 6,5/30/2023,12:59 PM,1:42 PM
Period 7,5/30/2023,1:47 PM,2:30 PM
Period 1,5/31/2023,7:45 AM,8:30 AM
Period 2,5/31/2023,8:35 AM,9:17 AM
Period 3,5/31/2023,9:52 AM,10:34 AM
Period 4,5/31/2023,10:39 AM,11:21 AM
Lunch,5/31/2023,11:21 AM,12:09 PM
Period 5,5/31/2023,12:14 PM,12:56 PM
Period 6,5/31/2023,1:01 PM,1:43 PM
Period 7,5/31/2023,1:48 PM,2:30 PM
Advisory,5/31/2023,9:22 AM,9:47 AM
Period 1,6/1/2023,7:45 AM,8:33 AM
Period 2,6/1/2023,8:38 AM,9:21 AM
Period 3,6/1/2023,9:26 AM,10:09 AM
Period 4,6/1/2023,10:14 AM,10:57 AM
Lunch,6/1/2023,10:57 AM,11:47 AM
Period 5,6/1/2023,11:52 AM,12:35 PM
Period 6,6/1/2023,12:40 PM,1:42 PM
Period 7,6/1/2023,1:47 PM,2:30 PM
Period 1,6/2/2023,7:45 AM,8:33 AM
Period 2,6/2/2023,8:38 AM,9:21 AM
Period 3,6/2/2023,9:26 AM,10:09 AM
Period 4,6/2/2023,10:14 AM,10:57 AM
Lunch,6/2/2023,10:57 AM,11:47 AM
Period 5,6/2/2023,11:52 AM,12:35 PM
Period 6,6/2/2023,12:40 PM,1:23 PM
Period 7,6/2/2023,1:28 PM,2:30 PM
Period 1,6/5/2023,7:45 AM,8:52 AM
Period 2,6/5/2023,8:57 AM,9:40 AM
Period 3,6/5/2023,9:45 AM,10:28 AM
Period 4,6/5/2023,10:33 AM,11:16 AM
Lunch,6/5/2023,11:16 AM,12:06 PM
Period 5,6/5/2023,12:11 PM,12:54 PM
Period 6,6/5/2023,12:59 PM,1:42 PM
Period 7,6/5/2023,1:47 PM,2:30 PM
Period 1,6/6/2023,7:45 AM,8:33 AM
Period 2,6/6/2023,8:38 AM,9:40 AM
Period 3,6/6/2023,9:45 AM,10:28 AM
Period 4,6/6/2023,10:33 AM,11:16 AM
Lunch,6/6/2023,11:16 AM,12:06 PM
Period 5,6/6/2023,12:11 PM,12:54 PM
Period 6,6/6/2023,12:59 PM,1:42 PM
Period 7,6/6/2023,1:47 PM,2:30 PM
Period 1,6/7/2023,7:45 AM,8:30 AM
Period 2,6/7/2023,8:35 AM,9:17 AM
Period 3,6/7/2023,9:52 AM,10:34 AM
Period 4,6/7/2023,10:39 AM,11:21 AM
Lunch,6/7/2023,11:21 AM,12:09 PM
Period 5,6/7/2023,12:14 PM,12:56 PM
Period 6,6/7/2023,1:01 PM,1:43 PM
Period 7,6/7/2023,1:48 PM,2:30 PM
Advisory,6/7/2023,9:22 AM,9:47 AM
Period 1,6/8/2023,7:45 AM,8:33 AM
Period 2,6/8/2023,8:38 AM,9:21 AM
Period 3,6/8/2023,9:26 AM,10:28 AM
Period 4,6/8/2023,10:33 AM,11:16 AM
Lunch,6/8/2023,11:16 AM,12:06 PM
Period 5,6/8/2023,12:11 PM,12:54 PM
Period 6,6/8/2023,12:59 PM,1:42 PM
Period 7,6/8/2023,1:47 PM,2:30 PM
Period 1,6/9/2023,7:45 AM,8:33 AM
Period 2,6/9/2023,8:38 AM,9:21 AM
Period 3,6/9/2023,9:26 AM,10:09 AM
Period 4,6/9/2023,10:14 AM,11:16 AM
Lunch,6/9/2023,11:16 AM,12:06 PM
Period 5,6/9/2023,12:11 PM,12:54 PM
Period 6,6/9/2023,12:59 PM,1:42 PM
Period 7,6/9/2023,1:47 PM,2:30 PM
Period 1,6/12/2023,7:45 AM,8:33 AM
Period 2,6/12/2023,8:38 AM,9:21 AM
Period 3,6/12/2023,9:26 AM,10:09 AM
Period 4,6/12/2023,10:14 AM,10:57 AM
Lunch,6/12/2023,10:57 AM,11:47 AM
Period 5,6/12/2023,11:52 AM,12:54 PM
Period 6,6/12/2023,12:59 PM,1:42 PM
Period 7,6/12/2023,1:47 PM,2:30 PM
Period 1,6/13/2023,7:45 AM,8:33 AM
Period 2,6/13/2023,8:38 AM,9:21 AM
Period 3,6/13/2023,9:26 AM,10:09 AM
Period 4,6/13/2023,10:14 AM,10:57 AM
Lunch,6/13/2023,10:57 AM,11:47 AM
Period 5,6/13/2023,11:52 AM,12:35 PM
Period 6,6/13/2023,12:40 PM,1:42 PM
Period 7,6/13/2023,1:47 PM,2:30 PM
Period 1,6/14/2023,7:45 AM,8:30 AM
Period 2,6/14/2023,8:35 AM,9:17 AM
Period 3,6/14/2023,9:52 AM,10:34 AM
Period 4,6/14/2023,10:39 AM,11:21 AM
Lunch,6/14/2023,11:21 AM,12:09 PM
Period 5,6/14/2023,12:14 PM,12:56 PM
Period 6,6/14/2023,1:01 PM,1:43 PM
Period 7,6/14/2023,1:48 PM,2:30 PM
Advisory,6/14/2023,9:22 AM,9:47 AM
Period 1,6/15/2023,7:45 AM,8:33 AM
Period 2,6/15/2023,8:38 AM,9:21 AM
Period 3,6/15/2023,9:26 AM,10:09 AM
Period 4,6/15/2023,10:14 AM,10:57 AM
Lunch,6/15/2023,10:57 AM,11:47 AM
Period 5,6/15/2023,11:52 AM,12:35 PM
Period 6,6/15/2023,12:40 PM,1:23 PM
Period 7,6/15/2023,1:28 PM,2:30 PM
